<?xml version="1.0" encoding="UTF-8"?>
<manifest identifier="OVA-MGBD-S01-SESION01" version="1.2"
  xmlns="http://www.imsproject.org/xsd/imscp_rootv1p1p2"
  xmlns:adlcp="http://www.adlnet.org/xsd/adlcp_rootv1p2"
  xmlns:xsi="http://www.w3.org/2001/XMLSchema-instance"
  xsi:schemaLocation="http://www.imsproject.org/xsd/imscp_rootv1p1p2 imscp_rootv1p1p2.xsd
    http://www.adlnet.org/xsd/adlcp_rootv1p2 adlcp_rootv1p2.xsd">
  <organizations default="ORG-OVA">
    <organization identifier="ORG-OVA">
      <title>Programación Móvil · Semana 1 · Sesión 1 · CORHUILA</title>
      <item identifier="ITEM-OVA" identifierref="RES-OVA">
        <title>Introducción a la POO y entorno de desarrollo en Java</title>
      </item>
    </organization>
  </organizations>
  <resources>
    <resource identifier="RES-OVA" type="webcontent" adlcp:scormtype="sco" href="index.html">
      <file href="index.html"/>
      <file href="css/style.css"/>
      <file href="js/script.js"/>
    </resource>
  </resources>
</manifest>
